epoch,train_loss,train_top1,eval_loss,eval_top1,eval_top5
0,1.3029116868972779,40.9375,1.5120801011176959,17.808219243402352,100.0
1,1.0834900975227355,58.125,1.5091585084183576,17.808219243402352,100.0
2,1.0513740479946136,60.46875,1.505306923770469,17.808219243402352,100.0
3,1.0302223026752473,61.40625,1.5011725507370413,17.808219243402352,100.0
4,0.939945513010025,69.21875,1.496770933882831,18.26484015216566,100.0
5,0.9514246821403504,68.59375,1.492193353774885,18.26484015216566,100.0
6,0.8227301359176635,75.78125,1.4874663314862884,18.72146115673187,100.0
7,0.8776208579540252,75.46875,1.4828444196753305,19.178082161298082,100.0
8,0.8498799264431,73.28125,1.4781575170281815,19.178082161298082,100.0
9,0.8347132980823517,73.28125,1.4734618663787842,19.63470316586429,100.0
10,0.8712705969810486,73.75,1.4685540275486637,20.0913241704305,100.0
11,0.8376019895076752,74.6875,1.463901680354114,21.00456617956292,100.0
12,0.7432133615016937,81.40625,1.4590966908354737,21.00456617956292,100.0
13,0.8276520431041717,78.75,1.45437905668668,21.46118718412913,100.0
14,0.8037143528461457,79.53125,1.4497593091503125,22.37442919326155,100.0
15,0.7439150035381317,80.0,1.4451643761978845,21.917808188695343,100.0
16,0.8191469550132752,75.625,1.440670628525895,21.917808188695343,100.0
17,0.7664413094520569,80.46875,1.4361201557394576,21.917808188695343,100.0
18,0.7177482187747956,81.40625,1.4315222485424721,21.917808188695343,100.0
19,0.7247492671012878,82.34375,1.4269700638235432,21.917808188695343,100.0
20,0.8756201684474945,72.03125,1.4223777741602022,22.37442919326155,100.0
21,0.7412807464599609,83.90625,1.4178021639993745,22.83105019782776,100.0
22,0.6462208926677704,86.5625,1.413067920567238,22.83105019782776,100.0
23,0.7977779507637024,76.71875,1.4085661630107933,22.83105019782776,100.0
24,0.7617051720619201,81.09375,1.404070825337275,23.287671202393973,100.0
25,0.5938683390617371,87.8125,1.3995704090214212,23.744292206960182,100.0
26,0.7398670613765717,82.5,1.3949513206743214,24.20091321152639,100.0
27,0.8282546758651733,78.75,1.3904382474890582,24.657534216092603,100.0
28,0.9263192892074585,70.15625,1.3858545947836958,26.02739722979123,100.0
29,0.7470090687274933,81.25,1.3813736585721577,26.94063923892365,100.0
30,0.7004612356424331,83.90625,1.3767947470216446,27.39726024348986,100.0
31,0.7650481581687927,81.40625,1.3722960551579793,27.853881248056073,100.0
32,0.792845043540001,81.25,1.3678465548171301,27.853881248056073,100.0
33,0.7295588493347168,81.5625,1.3633675215995475,27.853881248056073,100.0
34,0.7513036787509918,83.28125,1.3588696369841762,27.853881248056073,100.0
35,0.6927532970905304,85.15625,1.354476335386163,28.310502252622282,100.0
36,0.6353601396083832,90.3125,1.3499936202889709,29.223744261754703,100.0
37,0.7192852795124054,86.25,1.3454879707397391,29.680365266320912,100.0
38,0.6288629531860351,87.96875,1.3410433944501834,29.680365266320912,100.0
39,0.8035368025302887,82.65625,1.3365826917021242,30.13698629266051,100.0
40,0.6410536736249923,84.21875,1.3321698474013097,30.59360729722672,100.0
41,0.7428589820861816,84.0625,1.327740889161689,32.42009131549156,100.0
42,0.709678316116333,85.0,1.3233649823219265,32.42009131549156,100.0
43,0.6263832807540893,88.59375,1.318910960193094,32.87671232005777,100.0
44,0.723628917336464,83.28125,1.3145200950369986,32.87671232005777,100.0
45,0.6861599415540696,87.8125,1.310121302190981,32.87671232005777,100.0
46,0.6814769387245179,87.03125,1.3057375710848804,32.87671232005777,100.0
47,0.711620569229126,85.46875,1.301218823210834,32.42009131549156,100.0
48,0.6433042347431183,90.0,1.2968484473555055,32.87671232005777,100.0
49,0.7272638499736785,83.90625,1.2923636224171886,33.78995432919019,100.0
50,0.7145709037780762,86.25,1.2880502177155726,33.78995432919019,100.0
51,0.5830229312181473,90.15625,1.2835132994063914,35.15981734288882,100.0
52,0.8064557135105133,82.96875,1.2789770636928681,35.61643834745503,100.0
53,0.6247141152620316,87.96875,1.2745864870341401,35.61643834745503,100.0
54,0.6918217837810516,86.40625,1.2701432721255577,36.52968035658745,100.0
55,0.7257289588451385,84.21875,1.2657778475382557,36.52968035658745,100.0
56,0.5865117728710174,90.15625,1.2614453492099291,36.52968033481406,100.0
57,0.6348366439342499,89.375,1.2572626648428233,36.986301339380276,100.0
58,0.6054158866405487,90.46875,1.252910143164195,36.986301339380276,100.0
59,0.6073590874671936,87.96875,1.2485567908308821,36.986301339380276,100.0
60,0.6228538155555725,88.28125,1.2442426414794574,36.986301339380276,100.0
61,0.5938024580478668,91.09375,1.2399919125587429,38.3561643530789,100.0
62,0.622304967045784,88.125,1.2356987576506453,38.81278535764511,100.0
63,0.5888752400875091,90.9375,1.2313774878575923,38.81278535764511,100.0
64,0.6694587171077728,85.3125,1.2271467381960726,40.639269375909954,100.0
65,0.5837034612894059,91.09375,1.2228130401541653,40.639269375909954,100.0
66,0.70992411673069,83.28125,1.2185624897752179,42.00913238960858,100.0
67,0.6526451975107193,89.53125,1.2142740139678188,42.46575339417479,100.0
68,0.6124483168125152,89.53125,1.209959664301241,42.922374398741006,100.0
69,0.5491870760917663,92.96875,1.2057174950429839,42.922374398741006,100.0
70,0.6540463685989379,86.40625,1.2013225773153784,43.378995403307215,100.0
71,0.5827023446559906,91.25,1.1969967917220232,43.378995403307215,100.0
72,0.7418157994747162,82.34375,1.1927207915205933,44.74885841700584,100.0
73,0.6375177413225174,89.375,1.1884915104739742,46.118721430704475,100.0
74,0.5755568027496338,90.46875,1.1841463726949475,46.118721430704475,100.0
75,0.5706669300794601,91.09375,1.179757735500597,47.03196343983689,100.0
76,0.6039987713098526,93.90625,1.1753712712901911,47.4885844444031,100.0
77,0.5736196547746658,90.9375,1.1711137528833189,47.4885844444031,100.0
78,0.756352373957634,82.65625,1.1669438026811434,48.40182645353553,100.0
79,0.5959171921014785,92.5,1.1627669459608592,48.40182645353553,100.0
80,0.5995580315589905,92.65625,1.158547513016827,47.94520544896931,100.0
81,0.5843225210905075,91.40625,1.1544236587062817,48.40182645353553,100.0
82,0.6863441675901413,88.125,1.1502897951700917,48.858447458101736,100.0
83,0.7872653722763061,84.21875,1.146115128852461,49.771689467234154,100.0
84,0.5694475471973419,90.625,1.1421790797960814,49.771689467234154,100.0
85,0.5670565009117127,92.65625,1.1381416092180225,49.771689467234154,100.0
86,0.6339886277914047,85.78125,1.134186135579462,49.771689467234154,100.0
87,0.7604128956794739,85.15625,1.1300769674179216,49.771689467234154,100.0
88,0.6318208515644074,89.53125,1.1260343594093845,49.771689467234154,100.0
89,0.5351919502019882,94.375,1.1219092373434267,50.22831047180036,100.0
90,0.7452302306890488,86.40625,1.117831944874977,50.22831047180036,100.0
91,0.6155067682266235,88.59375,1.113799770673116,51.14155250270617,100.0
92,0.6407822281122207,85.9375,1.1098112526549597,50.68493149813996,100.0
93,0.6595463156700134,88.90625,1.105836988039757,51.14155250270617,100.0
94,0.6867831081151963,86.5625,1.1018252634022334,52.054794511838594,100.0
95,0.5568834215402603,93.4375,1.0979882511374068,52.5114155164048,100.0
96,0.4814638555049896,94.84375,1.0941139982171255,52.96803652097101,100.0
97,0.5868539094924927,89.375,1.0902252039408575,53.42465752553722,100.0
98,0.7031327664852143,88.4375,1.0863570486573868,53.42465752553722,100.0
99,0.6995088130235672,88.4375,1.0824437119645072,53.42465752553722,100.0
100,0.6336687266826629,89.0625,1.0785931729834919,53.42465752553722,100.0
101,0.6281374573707581,91.5625,1.0747387741254344,53.42465752553722,100.0
102,0.6458930402994156,89.21875,1.0708237636034892,53.8812786694531,100.0
103,0.5668192356824875,92.5,1.0669890233915147,54.794520582782624,100.0
104,0.5738161832094193,92.1875,1.063087068736281,54.794520582782624,100.0
105,0.6449643284082412,89.375,1.0593314159950709,54.794520582782624,100.0
106,0.661882808804512,87.1875,1.055640847715613,55.25114158734883,100.0
107,0.6763364464044571,87.8125,1.0517487248329267,55.25114158734883,100.0
108,0.6626990795135498,90.3125,1.0480674015332574,55.25114158734883,100.0
109,0.5652820199728013,89.84375,1.0444013196039417,55.70776259191504,100.0
110,0.652002626657486,89.375,1.0406649678809459,56.16438359648125,100.0
111,0.6365107089281082,89.0625,1.0369318206560667,57.534246610179885,100.0
112,0.4872435063123703,94.21875,1.0332949183302926,57.534246610179885,100.0
113,0.6477985918521881,86.40625,1.02972398664309,57.534246610179885,100.0
114,0.6130650013685226,90.625,1.026176469511093,57.534246610179885,100.0
115,0.6916301339864731,86.40625,1.0226165562459868,57.9908675189432,100.0
116,0.6638736069202423,87.03125,1.019052151675638,58.447488523509406,100.0
117,0.6457363426685333,90.0,1.015374641984565,58.447488523509406,100.0
118,0.6339344799518585,90.3125,1.0118741842165386,58.447488523509406,100.0
119,0.5126513481140137,94.0625,1.0082546717500034,58.447488523509406,100.0
120,0.49392518401145935,95.15625,1.0047667549081045,58.904109528075615,100.0
121,0.5780385673046112,91.25,1.0012203759798721,58.904109528075615,100.0
122,0.7055005133152008,87.65625,0.9977444851235168,58.904109528075615,100.0
123,0.5141180276870727,96.25,0.9943173231055203,58.904109528075615,100.0
124,0.6854567259550095,89.21875,0.9906663992633559,59.360730532641824,100.0
125,0.5734951734542847,92.34375,0.9871232994070881,59.360730532641824,100.0
126,0.4586037576198578,95.625,0.9836892101862659,59.81735153720803,100.0
127,0.6072147786617279,89.53125,0.9802764654159546,60.73059354634046,100.0
128,0.600675305724144,91.25,0.9768440962926438,61.187214455103764,100.0
129,0.7273042351007462,83.28125,0.973517861540459,61.187214455103764,100.0
130,0.6842489361763,84.6875,0.9702576888750677,61.64383545966997,100.0
131,0.4894068092107773,93.125,0.9670652134777749,62.10045646423619,100.0
132,0.6906194150447845,85.0,0.963744984369844,62.10045646423619,100.0
133,0.548140624165535,89.53125,0.9605986250045637,62.10045646423619,100.0
134,0.6640096455812454,90.78125,0.9574019832698177,62.10045646423619,100.0
135,0.6048599690198898,91.875,0.9541243625013796,62.5570774688024,100.0
136,0.5155039966106415,94.375,0.9509113711309215,63.013698473368606,100.0
137,0.6048084735870362,94.84375,0.9476783030653653,63.013698473368606,100.0
138,0.4951785713434219,93.90625,0.9446658647223695,63.470319477934815,100.0
139,0.6154097706079483,92.1875,0.9415580072359407,63.926940482501024,100.0
140,0.44346746802330017,96.5625,0.9385180070519992,63.926940482501024,100.0
141,0.5958063721656799,94.6875,0.9353280334167828,63.926940482501024,100.0
142,0.5619682937860488,92.5,0.932304661567897,64.38356148706724,100.0
143,0.5634716719388961,92.5,0.9293589635526753,64.38356148706724,100.0
144,0.7079614162445068,89.53125,0.9263402131050145,64.84018249163344,100.0
145,0.5872632473707199,93.125,0.9234148819152623,64.84018249163344,100.0
146,0.5994085729122162,91.875,0.9203670944797394,64.84018249163344,100.0
147,0.6558531522750854,90.9375,0.9174307688186157,64.84018249163344,100.0
148,0.6088436573743821,93.59375,0.9144249523067038,64.84018249163344,100.0
149,0.6951191186904907,85.0,0.911559638367396,65.75342450076586,100.0
150,0.5438197016716003,91.71875,0.9085357826050013,66.21004550533208,100.0
151,0.6089625775814056,91.5625,0.9057167463650987,66.66666650989829,100.0
152,0.5782113373279572,89.84375,0.9027714380934903,66.66666650989829,100.0
153,0.6353343665599823,92.65625,0.8998650029369685,66.66666650989829,100.0
154,0.5427362829446792,89.0625,0.8969877604480203,66.21004550533208,100.0
155,0.5528747528791428,94.375,0.8941595859179213,66.21004550533208,100.0
156,0.7177429020404815,83.28125,0.891221205937808,66.21004550533208,100.0
157,0.6983855277299881,86.25,0.8883790109799877,66.66666650989829,100.0
158,0.6494853228330613,92.03125,0.8856146444468738,66.66666650989829,100.0
159,0.6517890393733978,90.78125,0.8827806967034187,67.1232875144645,100.0
160,0.5731241106987,88.59375,0.8800630634778166,67.1232875144645,100.0
161,0.5020164310932159,95.9375,0.8772194510725535,67.57990851903071,100.0
162,0.6352096676826477,91.25,0.8744651607182472,68.03652952359691,100.0
163,0.6426043808460236,92.65625,0.8719029110860607,68.03652952359691,100.0
164,0.678825294971466,88.59375,0.869175585437583,68.03652952359691,100.0
165,0.606774041056633,91.71875,0.866564167144636,68.03652952359691,100.0
166,0.6058084577322006,93.75,0.8639198449104344,67.57990851903071,100.0
167,0.525819382071495,94.53125,0.8612333530704724,68.03652952359691,100.0
168,0.6089539080858231,89.84375,0.8584385767374954,68.03652952359691,100.0
169,0.6592331767082215,85.78125,0.8557629857433441,68.4931506675128,100.0
170,0.5478905230760575,92.03125,0.8530843611721579,68.4931506675128,100.0
171,0.6189497500658036,90.3125,0.8505561161258993,68.03652966294659,100.0
172,0.5369412124156951,94.375,0.8480602666123273,67.57990865838038,100.0
173,0.6161003589630127,92.34375,0.845697103570041,67.57990865838038,100.0
174,0.5762184411287308,91.71875,0.8432652939400173,67.57990865838038,100.0
175,0.6700671404600144,91.40625,0.8408064847667468,67.57990865838038,100.0
176,0.5996518611907959,93.75,0.8384348671185916,67.57990865838038,100.0
177,0.7026157140731811,90.3125,0.8360387576769476,67.57990865838038,100.0
178,0.5822186887264251,93.75,0.8336834820438194,67.57990865838038,100.0
179,0.5222631633281708,93.28125,0.8312685391674303,67.57990865838038,100.0
180,0.5735036075115204,94.6875,0.8290042556039819,67.57990865838038,100.0
181,0.6370243698358535,89.375,0.8266342644277773,67.57990865838038,100.0
182,0.49858459234237673,92.65625,0.8244360788772095,67.57990865838038,100.0
183,0.6045874714851379,92.5,0.8222549299126891,68.03652966294659,100.0
184,0.6360204339027404,91.875,0.8199759329835029,68.49315080686247,100.0
185,0.5704814285039902,92.34375,0.817786583073063,68.49315080686247,100.0
186,0.6117412477731705,94.0625,0.8154792382836886,68.49315080686247,100.0
187,0.4258455365896225,96.71875,0.8131993138082495,68.49315080686247,100.0
188,0.5123476535081863,94.375,0.8110339538147461,68.49315080686247,100.0
189,0.6089619636535645,93.4375,0.8088823747417154,68.49315080686247,100.0
190,0.6726238787174225,86.09375,0.8066857095178404,68.49315080686247,100.0
191,0.5618610888719558,92.8125,0.8046788423573046,68.49315080686247,100.0
192,0.5600350677967072,95.3125,0.8025773023361484,68.49315080686247,100.0
193,0.6374916434288025,88.4375,0.8005404085873469,68.49315080686247,100.0
194,0.6118295162916183,90.3125,0.7984641109971695,68.49315080686247,100.0
195,0.5735261917114258,92.5,0.7963853943837832,68.49315080686247,100.0
196,0.5127048820257187,95.15625,0.7941302186277903,68.49315080686247,100.0
197,0.6441181987524033,88.28125,0.7921019406079157,68.49315080686247,100.0
198,0.533226054906845,92.96875,0.7901533009254769,68.49315080686247,100.0
199,0.5430271446704864,92.5,0.7879713125969177,68.49315080686247,100.0
200,0.6307283788919449,90.625,0.786011211403973,68.49315080686247,100.0
201,0.6725287675857544,89.84375,0.7839359883304056,68.94977181142868,100.0
202,0.5893726468086242,94.6875,0.7819700954167266,68.94977181142868,100.0
203,0.6854962438344956,89.375,0.7801492921837933,68.94977181142868,100.0
204,0.45335738360881805,96.25,0.7782683960378987,68.49315080686247,100.0
205,0.5810801416635514,92.34375,0.7762534172023268,68.94977181142868,100.0
206,0.6426185220479965,88.90625,0.7744961748384449,68.94977181142868,100.0
207,0.5497700363397598,91.71875,0.7724927903310349,68.94977181142868,100.0
208,0.5097599714994431,94.84375,0.7707067216368026,68.94977181142868,100.0
209,0.5126024305820465,95.0,0.7687952180975648,69.40639281599489,100.0
210,0.5873715102672576,93.28125,0.7669498648273346,69.8630138205611,100.0
211,0.51079181432724,91.875,0.7652501107350876,69.8630138205611,100.0
212,0.5504911601543426,94.21875,0.7635344011054191,69.8630138205611,100.0
213,0.6031403362751007,90.625,0.7617404488123716,70.31963496447698,100.0
214,0.6700956702232361,84.84375,0.7601597717363541,70.31963496447698,100.0
215,0.5258570402860642,95.46875,0.7584804933365077,70.31963496447698,100.0
216,0.6794528812170029,90.0,0.756718882142681,70.31963496447698,100.0
217,0.6141507238149643,90.46875,0.7550381933717423,70.77625596904319,100.0
218,0.5746560752391815,92.03125,0.7534289060662326,70.77625596904319,100.0
219,0.6447469145059586,88.28125,0.7517556529066879,71.23287697360941,100.0
220,0.6013928115367889,92.03125,0.7501540047937332,71.23287697360941,100.0
221,0.5659959375858307,91.5625,0.7486221817530454,71.23287697360941,100.0
222,0.4576971173286438,94.6875,0.7470940008555373,71.23287697360941,100.0
223,0.6376295834779739,90.9375,0.7455990733621327,71.23287697360941,100.0
224,0.5734426587820053,93.28125,0.744059098909979,71.23287697360941,100.0
225,0.5400275737047195,93.90625,0.7426365891548052,71.23287697360941,100.0
226,0.4871467113494873,96.25,0.7411031113367647,71.23287697360941,100.0
227,0.5935262143611908,93.4375,0.7395896258419508,71.23287697360941,100.0
228,0.611999973654747,89.0625,0.7381207316977793,71.23287697360941,100.0
229,0.4648647397756577,95.0,0.7368742722898858,71.23287697360941,100.0
230,0.5818439096212387,94.53125,0.7355002970455988,71.68949797817561,100.0
231,0.5859137952327729,92.96875,0.7341462221319817,71.68949797817561,100.0
232,0.5655064553022384,92.65625,0.7327206760780997,71.23287697360941,100.0
233,0.6194844096899033,92.8125,0.7314181545553686,71.23287697360941,100.0
234,0.601353120803833,91.5625,0.7301771161763091,71.68949797817561,100.0
235,0.5273049116134644,92.03125,0.7288712992515738,71.68949797817561,100.0
236,0.651979386806488,89.53125,0.7274040489980619,72.14611898274183,100.0
237,0.6937417447566986,88.125,0.7260743014888676,72.14611898274183,100.0
238,0.6024883359670639,89.53125,0.7246787885552672,72.14611898274183,100.0
239,0.4427778124809265,95.625,0.7233280046889771,72.60273998730803,100.0
240,0.507618322968483,92.5,0.7221948605149848,73.05936066091877,100.0
241,0.6217601597309113,93.125,0.7209003284641596,73.51598180483465,100.0
242,0.4567111700773239,97.03125,0.7196829468692274,73.51598180483465,100.0
243,0.501605424284935,95.9375,0.7183808085580939,73.51598180483465,100.0
244,0.5707815915346146,95.46875,0.716949497728043,73.97260280940087,100.0
245,0.4768091529607773,94.21875,0.7157322519446072,73.97260280940087,100.0
246,0.5648094207048416,94.21875,0.7143551353450235,73.97260280940087,100.0
247,0.6216380357742309,92.1875,0.7133198840433059,73.97260280940087,100.0
248,0.603147241473198,93.125,0.7120339704430811,73.51598180483465,100.0
249,0.4894741833209991,95.46875,0.7107873676030059,73.51598180483465,100.0
250,0.48269218802452085,92.8125,0.7095180943131991,73.51598180483465,100.0
251,0.5940559685230256,93.4375,0.7083132531000599,73.05936080026844,100.0
252,0.5792975693941116,92.8125,0.7071291709055095,73.51598194418432,100.0
253,0.5549438923597336,93.59375,0.7060857461467726,73.51598194418432,100.0
254,0.5888596832752228,95.15625,0.7048614044167679,73.51598194418432,100.0
255,0.5482060670852661,90.78125,0.7038016610493943,73.51598194418432,100.0
256,0.4753873020410538,95.9375,0.7028092257508404,73.51598194418432,100.0
257,0.6154513031244278,92.65625,0.7017737082694764,73.51598194418432,100.0
258,0.507535970211029,96.40625,0.7007003524532057,73.51598194418432,100.0
259,0.43344939947128297,97.34375,0.6998418485192948,73.51598194418432,100.0
260,0.6422108739614487,92.8125,0.6987522647261075,73.51598194418432,100.0
261,0.629695588350296,91.875,0.6976504742282711,73.51598194418432,100.0
262,0.6007818043231964,92.03125,0.696652256462672,73.51598194418432,100.0
263,0.6718110680580139,88.75,0.6956584116095277,73.51598194418432,100.0
264,0.6476858347654343,93.90625,0.694566596860755,73.51598194418432,100.0
265,0.591198417544365,90.46875,0.6935546640391763,73.51598194418432,100.0
266,0.597566881775856,89.84375,0.6926020288576274,73.97260294875053,100.0
267,0.5809725791215896,95.78125,0.6915990846342148,73.51598194418432,100.0
268,0.6216896623373032,92.03125,0.6906174609105881,73.97260294875053,100.0
269,0.5326616495847702,96.25,0.6896217125191536,73.97260294875053,100.0
270,0.5074546158313751,96.875,0.6886363040366673,73.97260294875053,100.0
271,0.5494189977645874,92.34375,0.6876866599740503,73.97260294875053,100.0
272,0.6140733540058136,94.6875,0.686705891944502,73.97260294875053,100.0
273,0.467056879401207,96.09375,0.685787380830338,73.97260294875053,100.0
274,0.47301784455776213,95.15625,0.6848932044691147,73.97260294875053,100.0
275,0.5128151774406433,96.40625,0.6839205516527777,73.97260294875053,100.0
276,0.6122083604335785,94.6875,0.683064715230846,73.97260294875053,100.0
277,0.5610102385282516,94.21875,0.6821155610694188,73.97260294875053,100.0
278,0.510998260974884,94.53125,0.6812335661012833,73.97260294875053,100.0
279,0.5897104740142822,95.15625,0.6804802308888196,74.42922362236128,100.0
280,0.5180704265832901,92.5,0.6795074104174087,74.42922362236128,100.0
281,0.5596435815095901,95.15625,0.6786572614761248,74.42922362236128,100.0
282,0.4779527485370636,94.84375,0.6778687499973872,73.97260261779506,100.0
283,0.5419169217348099,93.90625,0.6769904254778335,74.42922362236128,100.0
284,0.46249971389770506,96.25,0.6762241503419397,74.42922362236128,100.0
285,0.5834235191345215,91.875,0.6755212477353065,74.42922362236128,100.0
286,0.4776167571544647,95.78125,0.6747361955033045,74.42922362236128,100.0
287,0.5182583272457123,94.6875,0.6740471219907612,74.42922362236128,100.0
288,0.5520168334245682,95.15625,0.6733340920378629,74.42922362236128,100.0
289,0.57510946393013,95.15625,0.6725646785405128,74.88584462692748,100.0
290,0.49045359194278715,96.71875,0.6717044901630106,74.88584462692748,100.0
291,0.6191794782876968,88.75,0.6709775217047566,74.88584462692748,100.0
292,0.5860890805721283,93.90625,0.6703148767284063,74.88584462692748,100.0
293,0.5248839110136032,91.875,0.6696159529359373,74.88584462692748,100.0
294,0.4385899603366852,96.875,0.6689724424113966,74.88584462692748,100.0
295,0.5064181953668594,94.6875,0.6683638925966062,75.3424656314937,100.0
296,0.6285431891679764,91.71875,0.6677489277979011,75.3424656314937,100.0
297,0.6402594894170761,88.90625,0.6671627196547103,75.3424656314937,100.0
298,0.5323207169771195,95.0,0.6665472290287279,75.3424656314937,100.0
299,0.6289431303739548,92.1875,0.6658695859996151,75.3424656314937,100.0
300,0.6757912784814835,91.09375,0.6651197995769379,75.3424656314937,100.0
301,0.5627096235752106,94.375,0.6645256539458009,75.3424656314937,100.0
302,0.6014425098896027,92.1875,0.6639983874477752,75.3424656314937,100.0
303,0.5101459860801697,92.8125,0.6633889647923648,75.3424656314937,100.0
304,0.5586788475513458,94.375,0.6628536973914055,75.3424656314937,100.0
305,0.5377840131521225,94.53125,0.6622565862250654,75.3424656314937,100.0
306,0.5539031624794006,95.0,0.6616648375715839,75.3424656314937,100.0
307,0.5805088818073273,91.40625,0.6609319078323503,75.3424656314937,100.0
308,0.5574648082256317,90.9375,0.6603316093144351,75.3424656314937,100.0
309,0.5319731742143631,94.6875,0.6598577523884708,75.3424656314937,100.0
310,0.641438490152359,90.78125,0.6593966524894923,75.3424656314937,100.0
311,0.5584941118955612,94.84375,0.6588792463415833,75.3424656314937,100.0
312,0.6984753519296646,85.9375,0.6583234341177222,75.3424656314937,100.0
313,0.5742876142263412,92.1875,0.6578372833935637,75.3424656314937,100.0
314,0.5371858984231949,94.84375,0.6573496749411979,74.88584462692748,100.0
315,0.5852596968412399,94.6875,0.6568430898940727,74.88584462692748,100.0
316,0.5698819577693939,93.4375,0.6562999603955169,74.88584462692748,100.0
317,0.5783206462860108,95.0,0.6557500571965083,74.88584462692748,100.0
318,0.5916485399007797,90.78125,0.6553128179349855,74.88584462692748,100.0
319,0.5894163519144058,95.9375,0.654822766508686,74.88584462692748,100.0
320,0.5937354177236557,94.6875,0.6544428524905688,74.88584462692748,100.0
321,0.5616223841905594,94.0625,0.6538375765765638,74.88584462692748,100.0
322,0.516478767991066,94.84375,0.6534094257986165,74.88584462692748,100.0
323,0.6147263735532761,95.15625,0.6528876377567309,74.88584462692748,100.0
324,0.45489448606967925,95.78125,0.6524621602062766,74.88584462692748,100.0
325,0.48457789421081543,95.9375,0.6519649652041257,74.88584462692748,100.0
326,0.6638629198074341,92.34375,0.6514421323118689,74.42922362236128,100.0
327,0.6678117662668228,87.5,0.6510607281776324,73.97260261779506,100.0
328,0.4769615292549133,96.40625,0.6505799723542445,73.97260261779506,100.0
329,0.45248693525791167,96.25,0.6502305127714323,73.97260261779506,100.0
330,0.5083283573389054,96.5625,0.6497244029284612,73.97260261779506,100.0
331,0.5640913784503937,96.71875,0.649335083351832,73.97260261779506,100.0
332,0.525923901796341,92.65625,0.6489933571314703,74.42922362236128,100.0
333,0.4156436651945114,98.125,0.6487041006893872,74.42922362236128,100.0
334,0.43114967048168185,97.5,0.6482596253151218,74.42922362236128,100.0
335,0.5282720267772675,96.5625,0.6478554864996644,74.42922362236128,100.0
336,0.47723002135753634,95.78125,0.6475335833144514,74.42922362236128,100.0
337,0.5614851117134094,90.15625,0.6471747532827125,74.42922362236128,100.0
338,0.5826124727725983,90.46875,0.6466793347167098,74.42922362236128,100.0
339,0.5179906845092773,94.6875,0.6463713096157057,74.42922362236128,100.0
340,0.43574410378932954,97.34375,0.6460249568229397,74.88584462692748,100.0
341,0.46451365649700166,97.03125,0.645698010649311,74.88584462692748,100.0
342,0.6315673947334289,92.96875,0.6454173201295339,74.88584462692748,100.0
343,0.5169737547636032,93.90625,0.6450229619191662,74.88584462692748,100.0
344,0.6099745094776153,93.4375,0.6448358251079577,74.88584462692748,100.0
345,0.5945734858512879,94.53125,0.6444963567877469,75.34246577084336,100.0
346,0.49287140369415283,96.71875,0.6442885785342352,75.34246577084336,100.0
347,0.6024381011724472,95.0,0.6440409372930658,75.34246577084336,100.0
348,0.6340188026428223,89.84375,0.6437736515585146,75.34246577084336,100.0
349,0.5424335092306137,93.28125,0.6434914115901407,75.34246577084336,100.0
350,0.6307835876941681,93.75,0.6432357076640542,75.34246577084336,100.0
351,0.5639290571212768,92.03125,0.6430048798317234,75.34246577084336,100.0
352,0.5356170892715454,92.1875,0.642778784989222,75.34246577084336,100.0
353,0.5509558618068695,95.625,0.6425313231063216,75.34246577084336,100.0
354,0.5266479015350342,95.3125,0.6423433036564692,75.34246577084336,100.0
355,0.5073348045349121,94.53125,0.6420781495364289,75.79908677540958,100.0
356,0.46923748254776,94.84375,0.6417765941249726,75.79908677540958,100.0
357,0.6905630111694336,92.96875,0.6415253542873958,75.79908677540958,100.0
358,0.6335987865924835,89.21875,0.641278198592739,75.79908677540958,100.0
359,0.45798673331737516,96.5625,0.6409834577068346,75.79908677540958,100.0
360,0.4830387711524963,96.875,0.6408858372740549,75.79908677540958,100.0
361,0.5273406833410264,95.3125,0.6406394931823696,75.79908677540958,100.0
362,0.47924244999885557,97.03125,0.640533655745798,75.79908677540958,100.0
363,0.5391714751720429,94.375,0.6402688146181846,76.2557077799758,100.0
364,0.5493523448705673,94.84375,0.6400204834328395,76.712328784542,100.0
365,0.7043753534555435,90.15625,0.6399496429042729,76.712328784542,100.0
366,0.5875282853841781,92.96875,0.6397312961212577,76.712328784542,100.0
367,0.5211101651191712,91.71875,0.6396934885412591,76.712328784542,100.0
368,0.5373858720064163,91.5625,0.6394232255683098,76.712328784542,100.0
369,0.6731596022844315,92.96875,0.6391855260552881,76.712328784542,100.0
370,0.46266443431377413,93.75,0.6390172109756296,77.16894978910821,100.0
371,0.6427869677543641,92.65625,0.638766052788251,77.16894978910821,100.0
372,0.5278035700321198,94.21875,0.6387104242359667,77.16894978910821,100.0
373,0.4643631368875504,95.0,0.6384876384038359,77.16894978910821,100.0
374,0.6094107806682587,90.625,0.6383357965238562,77.16894978910821,100.0
375,0.45542164146900177,96.71875,0.6382059095657036,77.16894978910821,100.0
376,0.5516345053911209,92.96875,0.638004091504502,77.16894978910821,100.0
377,0.4953902423381805,96.5625,0.6378280585759306,77.16894978910821,100.0
378,0.6840500086545944,92.65625,0.6376459990462212,77.16894978910821,100.0
379,0.4914045751094818,96.5625,0.6375333095250064,77.16894978910821,100.0
380,0.5684608548879624,94.375,0.6373142635441262,77.16894978910821,100.0
381,0.5889170229434967,95.3125,0.6372306387718409,77.16894978910821,100.0
382,0.6100082486867905,91.5625,0.6370494586147674,77.16894978910821,100.0
383,0.49452166855335233,95.78125,0.6368766786300972,77.16894978910821,100.0
384,0.40485450625419617,97.34375,0.6367200558588385,77.16894978910821,100.0
385,0.5111708223819733,95.625,0.6365861909030235,77.16894978910821,100.0
386,0.5985125809907913,93.75,0.6364517094882112,77.16894978910821,100.0
387,0.4822523266077042,97.03125,0.6363819562681189,77.16894978910821,100.0
388,0.6374863594770431,90.3125,0.6362418137728896,77.16894978910821,100.0
389,0.6867555201053619,92.8125,0.6361631133240652,77.16894978910821,100.0
390,0.5631638675928116,95.625,0.6360711569655432,77.16894978910821,100.0
391,0.6487992376089096,89.375,0.6360460691256066,77.16894978910821,100.0
392,0.5160923182964325,95.78125,0.6359778596385973,77.16894978910821,100.0
393,0.5401265144348144,93.4375,0.6358136714321293,77.16894978910821,100.0
394,0.5660001456737518,91.40625,0.6358126216827462,77.16894978910821,100.0
395,0.5641276448965072,94.6875,0.6357185426912352,77.16894978910821,100.0
396,0.5652828603982926,89.375,0.6355691486842012,77.16894978910821,100.0
397,0.49873502254486085,95.3125,0.6354879475619695,77.16894978910821,100.0
398,0.48703183233737946,96.40625,0.63536189489713,77.16894978910821,100.0
399,0.5633401274681091,96.09375,0.6353810769782219,77.16894978910821,100.0
400,0.5662225097417831,94.84375,0.635300256890249,77.16894978910821,100.0
401,0.587276640534401,92.8125,0.6351074462067591,77.16894978910821,100.0
402,0.6518365949392319,89.6875,0.6349991562703973,77.16894978910821,100.0
403,0.49312427043914797,96.5625,0.6348983702594286,77.16894978910821,100.0
404,0.5824459254741668,93.4375,0.6348258877453739,77.16894978910821,100.0
405,0.5402979791164398,93.59375,0.634704118994273,77.16894978910821,100.0
406,0.5447603791952134,93.28125,0.6345987254626131,77.16894978910821,100.0
407,0.5212039440870285,95.625,0.6344310306522944,77.16894978910821,100.0
408,0.5716236740350723,92.65625,0.6343438497417049,77.16894978910821,100.0
409,0.6242568582296372,90.46875,0.6341207419356255,76.712328784542,100.0
410,0.43978258073329923,97.1875,0.6341028880310929,76.712328784542,100.0
411,0.41579956114292144,98.59375,0.6340605494094221,76.712328784542,100.0
412,0.6199195832014084,94.0625,0.6339366457778025,76.712328784542,100.0
413,0.5706998437643052,92.1875,0.6339764897137472,76.712328784542,100.0
414,0.5009521901607513,95.46875,0.6339995188800167,76.712328784542,100.0
415,0.5010571539402008,94.6875,0.6338722401013658,76.712328784542,100.0
416,0.5664948225021362,92.8125,0.6338323972540904,76.712328784542,100.0
417,0.5182543486356735,96.40625,0.6336869284442571,76.712328784542,100.0
418,0.5238312244415283,92.34375,0.6337141261253183,76.712328784542,100.0
419,0.497958579659462,95.0,0.6337532354816454,76.712328784542,100.0
420,0.5013840824365616,96.875,0.6336580248183856,76.712328784542,100.0
421,0.458748933672905,97.03125,0.6335499218609779,76.712328784542,100.0
422,0.46040606796741484,97.96875,0.6334334835069909,76.2557077799758,100.0
423,0.5465092033147811,95.625,0.6334269446869419,76.2557077799758,100.0
424,0.43682425320148466,97.8125,0.6333125745324784,76.2557077799758,100.0
425,0.6508273720741272,87.03125,0.6331993768748627,76.2557077799758,100.0
426,0.5788853228092193,93.59375,0.633174933254991,76.2557077799758,100.0
427,0.6255069524049759,92.96875,0.6332087905983946,76.2557077799758,100.0
428,0.5063088536262512,89.53125,0.633088678801985,76.2557077799758,100.0
429,0.479488605260849,95.78125,0.6330105431003658,75.79908677540958,100.0
430,0.5704380482435226,93.125,0.6329313157355949,75.79908677540958,100.0
431,0.435144829750061,96.71875,0.6328668490936767,75.79908677540958,100.0
432,0.6792380332946777,91.5625,0.6328270985111254,75.79908677540958,100.0
433,0.5060901790857315,94.6875,0.6328818182967025,75.79908677540958,100.0
434,0.578059908747673,95.0,0.6327909623106865,75.79908677540958,100.0
435,0.6092609494924546,94.53125,0.6327992321149399,75.79908677540958,100.0
436,0.5936583429574966,90.0,0.6327534576529237,75.79908677540958,100.0
437,0.4997114360332489,95.9375,0.6327556124016575,76.2557077799758,100.0
438,0.5793873518705368,90.9375,0.63261375253059,76.2557077799758,100.0
439,0.50578872859478,95.46875,0.6326110523585315,76.2557077799758,100.0
440,0.43547182381153104,97.5,0.6325550509370081,76.2557077799758,100.0
441,0.5064259946346283,95.78125,0.6325163912011064,76.2557077799758,100.0
442,0.5279211103916168,94.53125,0.6325252458929471,76.2557077799758,100.0
443,0.6233850657939911,91.09375,0.6324780172408988,76.2557077799758,100.0
444,0.5342664629220962,94.6875,0.6325056332431428,76.2557077799758,100.0
445,0.6090203940868377,93.59375,0.6323926516863854,76.2557077799758,100.0
446,0.7154159992933273,86.875,0.6324990440721381,76.2557077799758,100.0
447,0.5255898863077164,93.59375,0.632433748680707,76.2557077799758,100.0
448,0.5119270354509353,93.125,0.6323105241065701,76.2557077799758,100.0
449,0.511240428686142,97.8125,0.63223008668586,76.2557077799758,100.0
450,0.49662584960460665,94.0625,0.6321298262300012,76.2557077799758,100.0
451,0.5864873826503754,92.65625,0.6321446236954432,76.2557077799758,100.0
452,0.5634915173053742,95.625,0.6320150739526096,76.71232845358652,100.0
453,0.5246508330106735,92.1875,0.6318782026364923,76.71232845358652,100.0
454,0.5095914602279663,91.25,0.6318694437475509,76.71232845358652,100.0
455,0.6235899239778518,90.0,0.6318485021046852,76.71232845358652,100.0
456,0.513136574625969,96.5625,0.6318156716486091,76.71232845358652,100.0
457,0.4913532227277756,96.25,0.6317467716730893,76.71232845358652,100.0
458,0.4549931973218918,97.8125,0.6317534844080607,76.71232845358652,100.0
459,0.4788792908191681,96.25,0.6315647290177542,76.71232845358652,100.0
460,0.5960293054580689,94.53125,0.6316372882829954,76.71232845358652,100.0
461,0.6596399456262588,86.40625,0.6316144561658711,76.71232845358652,100.0
462,0.5549754410982132,90.78125,0.6315464548868676,77.1689495975024,100.0
463,0.544636207818985,97.34375,0.6315146690089953,77.1689495975024,100.0
464,0.5542091220617295,95.46875,0.6314617811817013,77.1689495975024,100.0
465,0.5392461746931076,92.1875,0.6313734013740331,77.1689495975024,100.0
466,0.48248794078826907,97.1875,0.6313315602742373,77.1689495975024,100.0
467,0.43232119977474215,97.34375,0.6312381064510781,77.1689495975024,100.0
468,0.633394393324852,94.0625,0.6312491205184971,77.1689495975024,100.0
469,0.5859602481126786,89.6875,0.6311690937982847,77.1689495975024,100.0
470,0.490693473815918,96.71875,0.6311580272025714,77.1689495975024,100.0
471,0.5569396495819092,93.90625,0.6310839549591553,77.1689495975024,100.0
472,0.5712194561958313,92.03125,0.6310756791672206,77.1689495975024,100.0
473,0.5612882643938064,92.5,0.6311303420698262,77.1689495975024,100.0
474,0.5630681872367859,92.34375,0.6311165538008354,77.1689495975024,100.0
475,0.585773253440857,94.84375,0.6312053606390409,77.1689495975024,100.0
476,0.5393588989973068,97.34375,0.6310366106359926,77.1689495975024,100.0
477,0.634897631406784,94.84375,0.6310192406449688,77.1689495975024,100.0
478,0.45791139602661135,95.46875,0.6309237077355929,77.1689495975024,100.0
479,0.535891768336296,94.84375,0.6309316650917541,77.1689495975024,100.0
480,0.5274969398975372,95.0,0.630918398023196,77.1689495975024,100.0
481,0.6068338304758072,96.09375,0.630916663228649,77.1689495975024,100.0
482,0.5241660714149475,94.21875,0.630887294196647,77.1689495975024,100.0
483,0.6080128759145736,92.5,0.630862959988041,77.1689495975024,100.0
484,0.6226127922534943,91.09375,0.630886549274671,77.1689495975024,100.0
485,0.611810502409935,86.71875,0.6308678995528721,77.1689495975024,100.0
486,0.6047457605600357,92.8125,0.6308660289468286,77.1689495975024,100.0
487,0.5090411007404327,96.40625,0.6308867517671629,77.1689495975024,100.0
488,0.4944747656583786,97.65625,0.6308236584815805,77.1689495975024,100.0
489,0.6530550122261047,93.28125,0.6308641052681562,77.1689495975024,100.0
490,0.5258641600608825,94.6875,0.6308369756289268,77.1689495975024,100.0
491,0.5081171274185181,95.3125,0.6307690685198187,77.1689495975024,100.0
492,0.5275704979896545,95.15625,0.6308373384279747,77.1689495975024,100.0
493,0.678656941652298,90.15625,0.6307038702921236,77.1689495975024,100.0
494,0.5632100731134415,94.53125,0.6308567121148654,77.1689495975024,100.0
495,0.6548392623662949,94.375,0.6308590342465057,77.1689495975024,100.0
496,0.40331336557865144,96.875,0.630826914147155,77.1689495975024,100.0
497,0.559535238146782,92.96875,0.6308072930601634,77.1689495975024,100.0
498,0.4942402452230453,95.3125,0.6308324783360033,77.1689495975024,100.0
499,0.5116407185792923,93.28125,0.6308105509030765,77.1689495975024,100.0
500,0.5126977413892746,97.1875,0.6307549128249356,77.1689495975024,100.0
501,0.5992793321609498,93.28125,0.6307166564410136,77.1689495975024,100.0
502,0.49112614095211027,97.1875,0.6307163940717097,77.1689495975024,100.0
503,0.6304625153541565,92.5,0.6306535092663003,77.1689495975024,100.0
504,0.5243433117866516,92.1875,0.6307306836729181,77.1689495975024,100.0
505,0.630783173441887,91.25,0.6306567687422173,77.1689495975024,100.0
506,0.5609224528074265,92.5,0.630636347211115,77.1689495975024,100.0
507,0.6105021983385086,87.65625,0.630698687954036,77.1689495975024,100.0
508,0.5416082203388214,94.84375,0.630594143040104,77.1689495975024,100.0
509,0.5531379401683807,92.65625,0.6306379992667943,77.1689495975024,100.0
510,0.5195064306259155,94.84375,0.6305832343014408,77.1689495975024,100.0
511,0.7011593967676163,86.5625,0.6306215987357919,77.1689495975024,100.0
512,0.5867231667041779,94.53125,0.6306026262235424,77.1689495975024,100.0
513,0.5989283233880996,92.65625,0.630535736203738,77.1689495975024,100.0
514,0.5225392997264862,94.0625,0.6306075641553696,77.1689495975024,100.0
515,0.4387212127447128,96.5625,0.6305734262074509,77.1689495975024,100.0
516,0.4636759370565414,97.65625,0.6306112923034249,77.1689495975024,100.0
517,0.4775298058986664,96.875,0.63057318288986,77.1689495975024,100.0
518,0.4953495979309082,95.3125,0.6305499123111707,77.1689495975024,100.0
519,0.5313455313444138,95.46875,0.6304881139977337,77.1689495975024,100.0
520,0.5246311962604523,92.34375,0.6304042791122715,77.1689495975024,100.0
521,0.484732785820961,96.875,0.6302928739486764,77.1689495975024,100.0
522,0.6431986421346665,90.0,0.6303126180553,77.1689495975024,100.0
523,0.6537153959274292,88.125,0.6302792391820585,77.1689495975024,100.0
524,0.568231338262558,97.1875,0.630338561589315,77.1689495975024,100.0
